,Archibald Park Cyclists,Beach Rd Cyclists,Carlton Gore Rd Cyclists,Curran St,Dominion Rd,East Coast Rd Cyclists,Franklin Road,GI TO TAMAKI DR SECTION-1 Cyclists,Grafton Bridge Cyclists,Grafton Gully Cyclists,Grafton Rd Cyclists,Great North Rd NB Towards CBD Cyclists,Great South Rd,Highbrook Pathway Cyclists,Hopetoun St Cyclists,Karangahape Rd Cyclists,Lagoon Dr Cyclists,Lake Rd Northcote Cyclists,Lake Road Total Cyclists New,Leigh Rd Shared Path Cyclists,Lightpath Cyclists,Mangere Bridge Cyclists,Mangere Safe Routes Cyclists,Nelson St Cyclists,NW Cycleway Kingsland Cyclists,NW Cycleway TeAtatu Cyclists,Oceanview Rd Cyclists,Orewa Path Cyclists,Ormiston Rd,Quay St - Spark Arena,Quay St Eco Display Classic Cyclists,Queen St Pukekohe Cyclists,Rankin Ave Shared Path Cyclists,Saint Lukes Rd,SH20A Shared Path Cyclists,SW Shared Path Cyclists,Symonds St Total,Tamaki Drive,TeAtatu Peninsula Shared Path Cyclists,TeWero Bridge Bike Counter Cyclists,Twin Streams Shared Path Cyclists,Upper Harbour Shared Path Cyclists,Upper Queen St Cyclists,Victoria Street West Cyclists,Waterview Unitec Shared Path Cyclists
"Tuesday, 1 January 2019",36,168,63,192,98,82,,15,182,197,14,,43,16,32,168,232,,262,78,286,368,,257,505,566,247,542,37,1116,1119,12,29,86,30,155,104,1225,75,743,200,143,99,75,257
"Wednesday, 2 January 2019",29,280,58,343,132,93,,14,199,283,16,,78,12,39,183,331,,343,71,457,343,,310,562,591,304,482,48,1107,1207,9,40,203,24,198,145,1245,109,750,174,240,80,79,210
"Thursday, 3 January 2019",15,258,144,261,157,114,,10,330,251,37,,77,24,55,316,267,,281,69,361,347,,319,671,543,207,434,56,1048,673,16,32,150,34,193,207,1162,119,669,135,205,120,99,257
"Friday, 4 January 2019",23,281,149,263,151,101,,23,345,274,33,,85,24,87,336,240,,319,91,358,358,,335,644,489,276,386,45,1101,733,23,27,163,22,156,211,1125,114,768,124,187,145,65,211
"Saturday, 5 January 2019",42,235,110,317,173,143,,20,258,240,22,,76,28,51,242,350,,380,83,352,500,,266,626,744,234,405,49,1383,1119,7,30,150,47,232,170,1559,166,918,208,317,108,105,275
"Sunday, 6 January 2019",41,259,106,362,142,170,,11,256,300,16,,78,20,55,269,438,,415,65,360,488,,279,686,852,231,487,26,1435,1075,11,27,169,27,240,159,1607,147,722,198,358,100,77,303
"Monday, 7 January 2019",37,383,306,304,408,103,,31,658,499,48,,110,65,185,510,350,,358,17,635,333,,720,889,771,251,361,48,1654,1018,13,38,229,28,269,363,1561,179,787,210,125,238,146,281
"Tuesday, 8 January 2019",20,394,333,383,449,144,,26,661,568,61,,100,45,196,541,364,,419,43,728,366,,800,1292,934,211,345,59,1818,1129,22,43,248,28,254,400,1793,206,899,182,252,259,149,306
"Wednesday, 9 January 2019",2,407,305,328,406,126,,29,670,542,56,,102,58,191,570,363,,412,49,664,242,,757,1237,926,235,382,53,1775,1317,22,43,252,24,270,384,1707,188,915,154,197,254,159,273
"Thursday, 10 January 2019",7,358,294,364,455,122,,23,675,520,60,,86,54,199,542,283,,408,42,739,409,,806,1186,845,220,357,72,1881,1449,14,55,211,39,261,375,1731,212,897,199,183,283,174,270
"Friday, 11 January 2019",17,320,249,282,367,123,,39,567,467,58,,106,45,181,554,331,,365,55,582,328,,668,992,765,254,311,64,1477,1486,9,36,215,35,227,349,1485,164,924,150,109,228,161,261
"Saturday, 12 January 2019",21,254,106,311,153,177,,17,282,278,30,,76,38,72,274,327,,485,61,394,611,,339,616,761,233,411,49,1493,1123,11,39,194,50,267,168,1665,166,1006,181,292,94,81,276
"Sunday, 13 January 2019",12,265,88,423,177,125,,24,268,328,30,,74,15,67,309,362,,421,41,431,643,,337,671,949,200,506,46,1374,1079,10,32,138,30,236,156,1508,156,916,253,362,117,88,309
"Monday, 14 January 2019",17,302,265,205,415,93,,10,516,399,78,,79,51,185,486,225,,320,11,673,229,,754,1328,609,110,277,50,1112,905,22,40,198,38,140,319,1024,206,1200,147,68,257,116,175
"Tuesday, 15 January 2019",18,439,349,353,481,145,,18,696,597,72,,96,60,236,616,333,,448,31,750,356,,883,1275,805,164,361,46,1623,967,18,35,306,44,207,444,1569,214,1684,136,170,329,187,292
"Wednesday, 16 January 2019",41,417,363,342,496,158,,23,727,624,86,,98,54,224,589,411,,494,29,938,445,,1020,898,991,174,365,64,1778,1201,20,45,322,50,259,478,1779,274,891,125,173,302,163,309
"Thursday, 17 January 2019",17,153,385,373,474,123,,33,813,632,87,,116,41,204,681,326,,433,10,839,380,,936,409,829,238,303,47,1559,1246,19,53,275,38,246,459,1663,263,880,163,197,308,176,291
"Friday, 18 January 2019",24,341,347,352,418,139,,48,712,520,92,,99,48,218,590,331,,409,31,704,344,,872,754,789,187,305,44,1395,1606,10,42,252,53,238,396,1563,207,947,108,126,258,186,256
"Saturday, 19 January 2019",17,157,109,426,173,187,,35,279,302,35,,81,35,89,347,447,,401,54,407,660,,400,705,889,227,382,54,1434,1161,15,48,207,22,221,163,1576,158,989,215,418,127,110,291
"Sunday, 20 January 2019",31,240,107,310,169,105,,38,250,314,24,,84,32,70,293,429,,344,42,338,502,,264,765,694,215,519,74,1212,758,20,23,150,19,190,171,1223,127,784,209,333,106,70,284
"Monday, 21 January 2019",29,457,375,322,505,121,,41,724,604,92,,81,56,241,613,311,,414,19,882,287,,1010,724,881,242,331,56,1656,1647,11,53,283,40,186,487,1425,235,930,554,140,323,152,253
"Tuesday, 22 January 2019",17,472,379,337,500,137,,67,786,584,107,,87,55,233,638,365,,400,36,736,364,,990,1168,857,188,279,58,1717,1611,8,26,284,31,236,451,1524,210,922,138,192,307,180,284
"Wednesday, 23 January 2019",29,480,366,380,534,152,,71,772,652,98,,85,59,265,630,496,,516,25,828,403,,962,1463,951,178,356,59,1779,1726,11,53,316,37,270,452,1677,233,1021,163,178,299,182,329
"Thursday, 24 January 2019",34,372,312,351,399,139,,34,612,465,114,,100,50,220,556,272,,401,32,664,261,,775,1312,746,164,289,61,1498,1353,8,36,205,30,183,390,1488,183,841,118,125,240,138,199
"Friday, 25 January 2019",7,411,298,362,416,133,,38,655,541,105,,89,50,196,535,343,,405,18,720,371,,886,1052,808,200,279,59,1642,1561,13,49,254,36,227,356,1544,187,985,154,152,281,157,263
"Saturday, 26 January 2019",8,281,110,335,186,157,,49,269,313,59,,79,36,73,327,349,,439,46,332,564,,310,626,865,255,451,58,1263,1175,19,25,177,17,235,194,1467,124,1016,233,361,103,110,230
"Sunday, 27 January 2019",20,268,94,358,165,115,,46,275,304,33,,76,7,68,295,332,,380,103,386,518,,341,575,869,315,549,44,1296,1314,12,27,141,21,253,173,1503,153,1047,157,333,137,93,330
"Monday, 28 January 2019",29,264,102,319,179,130,,23,203,295,27,,62,15,75,260,256,,350,61,369,458,,399,671,736,218,539,30,1199,1229,22,29,135,26,259,158,1481,121,970,288,277,98,88,343
"Tuesday, 29 January 2019",58,467,376,381,441,145,,48,752,603,137,,106,64,238,631,431,,489,10,777,403,,985,1419,985,164,302,61,1844,1702,13,44,304,37,276,493,1806,223,903,155,167,329,173,291
"Wednesday, 30 January 2019",25,489,400,379,529,143,,60,844,654,89,,99,69,277,660,429,,552,8,833,451,,1012,1479,995,212,315,52,1768,1639,11,39,335,61,273,481,1851,256,872,168,211,343,208,285
"Thursday, 31 January 2019",20,496,419,424,492,143,,49,800,637,83,,130,69,288,664,361,,562,11,821,443,,1033,536,937,180,378,59,1832,1651,6,60,323,48,284,442,1935,247,965,98,183,314,73,296
"Friday, 1 February 2019",13,415,365,370,476,130,,32,746,563,87,,119,64,269,658,359,,411,8,892,378,,997,867,1003,209,356,65,1488,1714,15,64,280,36,260,464,1673,292,940,155,198,309,190,299
"Saturday, 2 February 2019",31,180,129,357,160,160,,45,301,330,44,,68,37,80,340,400,,500,56,336,743,,290,646,884,264,478,57,1079,912,13,51,165,39,208,187,1500,155,891,210,396,113,101,257
"Sunday, 3 February 2019",43,336,106,462,172,163,,81,299,439,54,,98,16,82,308,440,,429,26,538,730,,398,679,1021,191,592,66,1177,1007,8,39,194,36,301,193,1755,214,1037,268,438,103,131,366
"Monday, 4 February 2019",28,487,388,333,552,125,,50,764,651,97,,117,60,266,609,404,,406,11,1071,448,,1130,906,1106,196,380,72,1530,1676,13,64,306,48,254,483,1743,295,855,265,129,329,168,333
"Tuesday, 5 February 2019",25,474,393,368,533,160,,55,827,660,98,,106,70,244,704,411,,545,16,1062,433,,1143,1294,1145,223,384,66,1623,1775,11,61,328,31,242,534,1963,305,853,162,213,340,175,327
"Wednesday, 6 February 2019",28,373,152,581,243,183,,57,346,435,43,,81,24,54,392,558,,510,48,656,765,,534,1274,1050,230,659,70,1643,1399,13,39,213,45,345,185,2033,174,1264,357,487,128,114,404
"Thursday, 7 February 2019",4,442,394,351,520,152,,62,741,608,98,,102,59,243,621,357,,479,10,917,386,,1056,864,947,192,218,64,1405,1602,6,48,313,41,255,446,1652,255,776,76,148,341,142,297
"Friday, 8 February 2019",14,410,348,373,470,146,,32,749,685,96,,112,49,225,628,312,,477,21,934,370,,1034,919,1017,169,308,50,1430,1703,15,44,314,38,302,422,1735,287,917,114,165,314,187,321
"Saturday, 9 February 2019",27,132,130,368,206,157,,37,308,360,52,,83,42,93,318,371,,453,16,493,640,,326,652,868,238,366,68,958,1004,23,29,193,28,203,211,1428,142,924,177,331,136,102,282
"Sunday, 10 February 2019",22,337,109,492,228,137,,74,325,464,41,,77,40,63,323,427,,476,48,502,706,,388,678,1306,199,638,54,1183,997,18,27,178,34,315,199,1705,172,892,268,434,138,99,424
"Monday, 11 February 2019",16,490,445,312,589,135,,41,899,742,93,,94,63,252,765,420,,517,13,1058,413,,1174,911,1090,191,333,71,1694,1754,11,41,344,53,301,522,1816,318,908,250,164,346,171,328
"Tuesday, 12 February 2019",24,501,442,371,569,153,,54,868,695,99,,105,58,266,747,412,,598,8,996,454,,1105,1296,1158,214,364,65,1682,1806,8,39,348,44,320,494,1918,320,829,135,238,356,190,327
"Wednesday, 13 February 2019",7,444,437,384,562,154,,34,895,646,107,,98,43,262,754,515,,557,14,998,456,,1124,1286,1138,205,353,63,1747,2047,11,50,337,48,293,536,1942,273,964,145,191,367,203,353
"Thursday, 14 February 2019",4,483,406,386,512,139,,30,813,706,111,,118,50,263,695,386,,504,7,973,468,,1104,784,975,185,318,76,1718,1891,15,58,349,45,298,521,1958,272,985,172,164,356,158,278
"Friday, 15 February 2019",19,415,368,363,494,125,,61,782,618,107,,122,49,231,589,376,,499,19,895,377,,985,1479,914,201,327,71,1514,1924,14,41,311,43,276,439,1749,269,1001,99,147,333,192,258
"Saturday, 16 February 2019",38,278,167,331,170,161,,54,309,307,52,,80,26,96,377,408,,492,52,425,577,,288,706,771,184,383,82,979,959,9,40,194,54,212,231,1334,127,786,227,380,142,168,265
"Sunday, 17 February 2019",33,311,111,405,200,129,,51,312,398,56,,83,17,70,339,402,,432,54,458,670,,352,798,1128,193,508,44,1117,990,17,32,216,42,287,181,1520,224,818,293,399,124,92,384
"Monday, 18 February 2019",24,383,368,266,454,122,,33,698,568,103,,97,48,215,568,385,,497,15,827,311,,926,1358,895,200,393,66,1424,1490,16,38,271,57,210,377,1646,218,766,152,119,269,151,264
"Tuesday, 19 February 2019",19,522,496,388,554,178,,40,895,721,107,,105,66,273,727,437,,608,6,1051,485,,1170,1895,1198,253,355,84,1690,1785,17,56,414,54,326,531,1991,301,915,189,266,376,177,322
"Wednesday, 20 February 2019",19,464,424,347,558,141,,51,894,700,110,,91,67,251,686,404,,646,21,990,422,,1067,1835,1216,175,414,59,1550,1663,10,45,359,68,293,500,1759,268,819,172,190,333,183,371
"Thursday, 21 February 2019",6,437,430,361,515,138,,53,903,640,112,,113,59,261,678,422,,576,3,937,417,,1048,1660,1026,172,312,81,1496,1788,7,56,333,41,299,494,1697,260,826,141,161,376,155,350
"Friday, 22 February 2019",8,214,235,239,265,72,,18,499,350,103,,107,43,197,372,216,,335,2,460,179,,557,828,464,92,209,57,800,1012,10,36,162,11,122,283,1048,151,497,59,62,243,116,129
"Saturday, 23 February 2019",27,95,105,227,131,155,,31,228,168,43,,74,28,78,262,240,,287,10,229,404,,164,382,562,126,257,43,567,464,5,19,126,19,187,162,909,83,504,174,221,88,110,178
"Sunday, 24 February 2019",30,220,86,254,166,115,,58,218,277,46,,78,17,70,246,290,,302,30,397,405,,280,667,709,123,407,36,728,630,19,35,186,25,308,135,1021,155,632,221,286,155,75,355
"Monday, 25 February 2019",23,478,406,304,523,126,,48,861,662,93,,93,46,260,638,407,,482,15,976,348,,1093,1736,988,199,352,57,1463,1414,14,36,347,54,248,524,1571,266,769,191,134,346,206,271
"Tuesday, 26 February 2019",17,517,491,417,558,199,,57,968,728,98,,108,50,271,721,463,,632,18,1075,386,,1159,1916,1206,220,359,52,1653,1543,13,57,378,59,298,554,1998,300,926,126,283,395,182,357
"Wednesday, 27 February 2019",12,437,453,369,567,165,,57,925,678,116,,102,34,258,718,487,,613,11,1106,420,,1127,1926,1124,220,351,46,1573,1464,12,51,338,48,335,531,1766,299,952,195,213,361,160,358
"Thursday, 28 February 2019",30,472,408,349,530,156,,31,871,692,105,,121,43,256,667,367,,510,16,987,356,,1063,1736,947,167,254,53,1461,1388,11,54,346,52,285,438,1727,269,850,251,152,385,187,321
"Friday, 1 March 2019",16,495,356,344,480,127,,58,772,538,113,,108,49,235,545,315,,462,12,976,392,,987,1533,832,192,341,56,1285,1328,13,51,291,40,242,432,1469,236,836,213,132,314,198,263
"Saturday, 2 March 2019",23,251,112,416,202,150,,43,337,397,66,,81,36,42,374,409,,474,21,438,774,,366,774,968,338,402,52,1030,921,10,29,182,27,284,216,1472,172,814,205,321,117,101,311
"Sunday, 3 March 2019",23,242,94,367,200,158,,47,285,349,48,,78,82,54,291,481,,420,50,419,711,,291,736,985,231,553,79,653,642,13,22,198,21,302,197,915,164,647,282,382,140,106,381
"Monday, 4 March 2019",39,496,396,337,542,141,,43,899,687,136,,93,67,222,750,381,,457,13,949,374,,1094,1734,978,183,300,59,1561,1479,15,42,338,57,266,582,1712,290,872,541,147,377,182.4,317
"Tuesday, 5 March 2019",10,596,457,347,580,179,,46,957,749,119,,103,49,296,852,423,,575,15,979,403,,1142,1834,1072,237,342,64,1596,1473,11,50,345,49,327,581,1890,302,891,153,220,356,192.4,359
"Wednesday, 6 March 2019",19,545,404,425,565,165,,48,981,791,128,,91,44,248,782,510,,565,7,964,440,,1082,1760,1036,192,316,70,1565,1480,21,46,345,54,374,551,1770,303,914,196,178,358,163.8,364
"Thursday, 7 March 2019",2,543,422,363,520,169,,32,876,667,119,,106,32,263,681,445,,466,11,858,395,,1065,1682,885,210,250,69,1542,1620,14,61,355,53,258,545,1652,254,821,225,135,327,182.4,290
"Friday, 8 March 2019",1,327,287,239,354,100,,21,582,457,93,,81,62,202,449,272,,373,14,611,219,,695,1025,541,139,200,69,948,1085,6,33,185,29,125,366,1128,185,524,155,64,270,117.6,164
"Saturday, 9 March 2019",10,96,61,116,89,100,,23,177,130,30,,54,75,50,182,176,,196,19,150,283,,137,265,273,108,201,56,304,416,10,14,60,12,84,95,578,47,309,106,183,80,60.6,111
"Sunday, 10 March 2019",24,299,96,422,196,161,,52,293,403,35,,87,45,74,317,377,,443,32,436,687,,334,917,1153,197,558,51,1041,1045,14,34,208,29,278,157,1524,188,811,263,418,110,120.4,405
"Monday, 11 March 2019",8,531,384,321,592,143,,65,907,733,132,,93,70,251,712,370,,454,24,936,349,,1106,1709,1054,181,292,45,1553,1667,7,46,323,46,278,551,1701,314,818,213,136,372,177.4,309
"Tuesday, 12 March 2019",4,615,482,363,601,177,,54,1030,765,146,,122,44,284,748,380,,528,15,969,408,,1115,1825,1128,154,373,71,1499,1830,13,57,373,34,281,584,1822,312,866,146,196,378,188.4,298
"Wednesday, 13 March 2019",9,578,432,361,591,166,,54,1023,741,132,,115,39,273,734,373,,532,18,903,404,,1079,1743,1044,193,343,74,1526,1801,12,51,333,42,298,614,1693,291,878,139,145,362,196.8,331
"Thursday, 14 March 2019",2,547,418,405,549,168,,45,922,696,133,,109,33,264,677,405,,493,11,837,439,,1044,1657,974,194,303,55,1444,1709,18,51,322,33,273,565,1733,281,871,116,137,350,160.4,256
"Friday, 15 March 2019",9,481,328,362,457,124,,38,836,648,136,,93,74,260,639,300,,476,12,774,294,,929,1473,844,176,312,65,1274,1660,15,60,301,38,226,476,1512,217,819,153,110,322,205.4,249
"Saturday, 16 March 2019",18,203,118,321,171,130,,44,356,256,55,,76,60,110,331,351,,412,58,361,533,,291,652,779,209,351,85,816,989,14,41,167,28,197,201,1253,116,673,278,313,141,103,289
"Sunday, 17 March 2019",20,227,92,360,180,120,,51,254,360,28,,77,63,82,274,320,,467,50,427,634,,347,662,917,195,579,63,900,1024,15,50,148,36,271,196,1313,159,761,265,324,115,103,318
"Monday, 18 March 2019",19,492,383,295,555,120,,37,883,668,119,,108,51,263,618,322,,409,26,923,306,,1017,1612,880,161,324,64,1412,1588,11,50,292,33,213,533,1444,263,761,103,117,304,178.2,287
"Tuesday, 19 March 2019",26,501,421,315,501,96,,55,816,637,139,,102,34,248,638,294,,419,16,859,274,,1006,1475,848,145,215,72,1258,1431,14,40,297,31,234,502,1402,231,671,71,131,325,160.6,243
"Wednesday, 20 March 2019",36,544,387,333,499,163,,45,906,675,127,,119,29,274,720,388,,575,17,951,408,,1055,1614,1013,177,343,64,1549,1796,11,45,307,40,266,505,1669,308,851,105,136,314,185.8,282
"Thursday, 21 March 2019",5,576,455,390,538,184,,39,920,725,125,,109,34,248,769,397,,472,20,894,366,,1108,1679,1047,166,337,71,1524,1878,22,80,361,44,239,567,1743,251,992,140,182,370,187.6,293
"Friday, 22 March 2019",25,378,362,325,492,116,,43,874,564,118,,110,46,233,654,376,,508,8,725,327,,885,1362,751,176,346,64,1281,1702,30,49,273,43,182,475,1434,247,688,135,121,310,155.2,220
"Saturday, 23 March 2019",11,264,147,367,189,129,,42,363,297,48,,97,56,81,380,423,,366,37,363,642,,300,693,664,195,372,57,798,1033,14,34,145,35,252,198,1236,118,596,197,279,151,112.2,306
"Sunday, 24 March 2019",52,299,109,361,201,91,,49,273,386,30,,66,23,98,294,376,,352,33,468,580,,350,699,713,141,436,53,919,996,12,52,156,21,262,199,1356,135,737,274,299,141,116.2,285
"Monday, 25 March 2019",22,526,404,352,559,134,,32,918,706,136,,108,12,262,712,362,,465,9,987,351,,1135,1683,991,143,322,85,1477,1575,14,49,321,45,230,555,1540,288,828,198,136,376,171.4,279
"Tuesday, 26 March 2019",1,570,463,374,587,173,,45,998,733,117,,121,47,290,798,437,,550,18,1007,401,,1206,1702,1018,169,311,71,1530,1834,11,52,350,42,254,625,1924,273,856,123,199,355,164.6,305
"Wednesday, 27 March 2019",13,488,417,353,530,142,,44,934,629,128,,96,38,299,706,493,,529,23,965,395,,1129,1690,943,97,322,79,1531,1755,14,56,322,48,266,584,1554,277,913,179,124,378,174.6,279
"Thursday, 28 March 2019",8,387,298,233,428,94,,22,732,534,110,,127,54,215,551,256,,366,2,664,261,,781,1259,668,121,164,49,1049,1428,12,55,225,27,173,466,1157,206,907,76,86,282,141.2,199
"Friday, 29 March 2019",16,352,303,296,456,110,,32,741,512,125,,102,49,220,612,314,,423,37,750,288,,915,1280,690,111,187,76,1124,1714,15,48,273,34,191,444,1345,226,731,190,98,295,192,217
"Saturday, 30 March 2019",16,179,131,344,146,163,,55,320,277,48,,105,48,86,318,306,,368,21,386,531,,276,564,668,181,308,74,769,846,9,32,132,18,226,169,1122,136,613,186,339,141,84.2,269
"Sunday, 31 March 2019",15,237,119,341,182,111,,65,300,291,47,,87,70,95,306,427,,380,29,394,564,,352,652,714,154,319,85,815,930,18,40,176,46,247,157,1109,151,752,157,301,105,51,275
"Monday, 1 April 2019",2,237,174,112,195,54,,14,361,298,76,,89,51,126,254,149,,151,2,433,97,,475,735,437,73,98,75,611,588,7,25,125,5,90,223,655,136,837,62,30,168,72.4,102
"Tuesday, 2 April 2019",6,459,401,356,555,174,,44,888,648,129,,109,37,259,665,359,,524,13,939,363,,1129,1571,900,157,290,60,1437,1386,14,61,301,45,236,513,1589,265,840,90,152,350,168,242
"Wednesday, 3 April 2019",4,396,386,331,510,145,,44,865,593,100,,63,28,236,685,415,,503,19,851,331,54,1067,1529,817,134,218,50,1365,1297,15,52,284,43,255,521,1535,266,903,85,110,308,178.8,253
"Thursday, 4 April 2019",7,394,455,338,525,169,,59,896,696,115,,113,62,246,698,377,,482,6,859,392,61,1068,1547,902,181,290,78,1425,1328,21,51,312,31,249,493,1586,270,760,86,149,313,177.6,237
"Friday, 5 April 2019",20,359,331,330,463,148,,41,746,598,119,,113,55,226,611,375,,507,27,837,314,44,1043,1421,845,200,229,43,1268,1197,19,48,283,37,222,473,1426,244,696,117,145,289,171.4,204
"Saturday, 6 April 2019",12,59,47,71,99,42,,5,113,66,33,,81,46,46,125,74,,116,0,77,142,34,90,163,199,101,68,51,174,135,11,22,49,10,84,99,342,32,216,22,42,85,63.2,60
"Sunday, 7 April 2019",22,296,134,435,188,168,,58,368,374,40,,79,8,63,371,423,,512,39,385,682,20,322,807,950,179,626,48,1021,818,17,41,188,43,309,163,1399,152,839,203,366,110,108.8,385
"Monday, 8 April 2019",26,440,403,267,520,141,,42,871,691,108,,85,57,228,672,347,,407,8,909,355,49,1110,1643,925,166,305,54,1382,1362,15,39,320,34,269,558,1476,286,707,91,122,347,204.4,253
"Tuesday, 9 April 2019",13,530,454,346,548,157,,55,940,696,121,,90,55,223,789,388,,517,5,926,438,48,1123,1615,925,163,340,49,1497,1397,20,55,332,42,316,560,1769,279,785,112,160,306,178.6,292
"Wednesday, 10 April 2019",4,499,403,325,498,161,,44,946,661,110,,100,45,220,675,387,,571,5,885,388,33,1055,1639,980,140,327,48,1414,1369,21,48,334,53,281,551,1586,300,786,119,166,360,154.2,274
"Thursday, 11 April 2019",6,410,310,264,419,113,,32,665,535,115,,75,21,208,551,263,,398,7,686,216,34,834,1175,652,103,206,69,1000,904,12,35,214,21,137,426,1159,193,528,37,78,295,166.2,162
"Friday, 12 April 2019",1,327,276,305,365,105,,17,631,412,101,,93,22,192,432,212,,395,3,577,183,58,768,990,507,124,209,44,896,901,13,28,194,20,130,404,1015,166,558,30,54,270,173,129
"Saturday, 13 April 2019",39,133,118,416,186,152,,47,312,282,46,,77,51,67,348,352,,423,52,334,499,68,285,602,787,178,404,49,944,762,7,27,205,35,239,192,1299,147,801,225,261,138,127.8,297
"Sunday, 14 April 2019",21,222,107,322,137,114,,70,261,280,34,,77,34,59,259,379,,405,23,288,531,38,272,572,811,160,437,34,783,686,27,40,142,33,234,144,990,144,678,189,266,81,91.4,269
"Monday, 15 April 2019",20,457,335,300,488,117,,59,709,585,92,,107,16,230,582,369,,355,15,910,360,50,989,1488,874,157,318,52,1331,1321,15,37,319,44,234,460,1440,258,756,234,117,320,169.8,239
"Tuesday, 16 April 2019",14,500,413,384,470,141,,48,862,597,112,,128,40,209,661,347,,442,14,932,338,55,1066,1449,858,145,320,63,1434,1382,20,51,282,35,265,444,1701,250,843,163,174,325,178,260
"Wednesday, 17 April 2019",14,454,334,325,433,139,,68,778,544,97,,99,62,215,608,454,,490,12,898,314,46,996,1436,839,159,303,67,1415,1367,16,62,279,32,249,449,1627,236,839,131,132,316,205.4,269
"Thursday, 18 April 2019",12,366,340,332,400,138,,43,709,536,104,,116,43,203,535,392,,366,18,789,285,51,844,1251,749,157,216,63,1232,1104,16,41,256,35,197,400,1489,213,720,131,122,272,149.8,257
"Friday, 19 April 2019",5,260,84,438,133,125,,53,218,343,31,,58,30,51,197,364,,314,66,443,535,18,336,605,810,200,599,34,1044,976,14,22,180,17,293,162,1526,206,856,300,262,127,96.6,310
"Saturday, 20 April 2019",14,193,75,239,108,100,,42,196,261,26,,75,31,41,249,324,,261,140,346,466,64,247,458,557,262,427,68,900,819,10,39,133,24,194,150,1147,130,751,233,242,79,83.8,212
"Sunday, 21 April 2019",55,150,69,298,103,79,,37,189,219,18,,65,25,40,191,353,,264,104,350,416,18,264,442,695,160,512,34,800,679,6,29,117,26,231,130,1113,142,701,221,219,85,95.8,308
"Monday, 22 April 2019",1,53,37,81,55,43,,22,95,53,19,,44,31,31,124,154,,142,38,144,93,8,93,117,139,117,147,34,288,252,5,7,38,11,49,77,399,27,207,22,68,75,36.4,47
"Tuesday, 23 April 2019",35,187,199,178,271,104,,17,426,307,65,,78,23,121,365,250,,243,22,441,229,41,499,716,453,99,268,31,794,729,7,32,180,27,118,262,954,115,481,103,67,213,109.2,123
"Wednesday, 24 April 2019",17,211,249,233,300,138,,46,548,375,72,,95,36,129,434,340,,357,50,564,274,37,606,957,552,136,334,35,1010,942,17,38,184,23,137,339,1243,143,604,133,143,205,124.8,181
"Thursday, 25 April 2019",32,257,125,437,154,133,,68,406,326,35,,91,54,57,364,346,,390,100,444,521,29,334,708,888,185,670,52,1009,850,10,31,180,24,300,187,1460,177,790,311,325,122,110.2,340
"Friday, 26 April 2019",14,273,212,228,274,101,,36,477,342,63,,96,37,144,392,233,,290,45,495,216,35,553,815,610,146,266,25,813,735,16,36,187,13,164,281,955,155,613,107,96,220,108.8,181
"Saturday, 27 April 2019",20,200,138,407,170,144,,49,302,261,46,,57,18,79,328,362,,407,46,432,639,42,352,630,832,209,498,15,847,680,10,26,160,25,240,186,1192,115,797,196,274,120,135,318
"Sunday, 28 April 2019",22,181,52,186,99,76,,38,178,203,26,,75,11,67,205,275,,248,48,174,307,19,124,357,441,70,313,10,496,332,4,24,66,13,158,110,744,56,307,138,220,67,56.4,210
"Monday, 29 April 2019",8,352,318,213,449,114,,38,712,531,109,,92,47,216,559,298,,368,15,767,218,15,911,1309,644,89,200,9,1090,1042,12,41,236,30,156,455,1136,219,481,64,69,277,134.4,197
"Tuesday, 30 April 2019",6,474,403,289,485,173,,44,866,598,113,,103,69,222,686,446,,445,5,766,316,25,987,1509,876,130,275,81,1362,1265,22,50,305,39,251,524,1532,282,670,61,145,302,203.6,266
"Wednesday, 1 May 2019",10,468,403,333,500,152,,39,868,589,98,,87,46,220,630,452,,519,18,910,437,55,1041,1519,918,142,305,57,1355,664,21,44,308,53,271,510,1475,250,802,107,135,329,170,305
"Thursday, 2 May 2019",1,467,427,345,504,163,,39,828,598,104,,96,49,210,616,360,,510,13,857,298,33,1019,1449,834,121,358,77,1268,829,16,35,281,42,235,470,1481,246,713,80,132,284,167,245
"Friday, 3 May 2019",11,440,344,383,453,107,,36,759,589,109,,89,42,186,563,314,,441,7,713,285,31,901,1315,745,144,337,39,1288,1328,10,50,257,26,205,448,1480,228,793,88,119,307,152,199
"Saturday, 4 May 2019",24,133,124,380,239,145,,72,330,299,35,,86,39,77,397,400,,408,38,362,634,46,300,627,771,250,363,39,986,881,9,26,170,30,216,202,1360,154,814,226,304,127,131,288
"Sunday, 5 May 2019",13,213,92,430,166,126,,68,299,350,29,,81,23,70,291,442,,412,65,434,675,10,347,791,925,173,482,54,1056,1023,24,47,176,37,288,183,1520,185,889,327,371,125,86,434
"Monday, 6 May 2019",13,394,380,223,535,132,,40,847,597,109,,85,41,197,618,319,,457,5,935,311,39,1077,1477,816,137,253,38,1325,1318,13,49,288,36,244,511,1425,270,644,89,100,303,130,217
"Tuesday, 7 May 2019",8,435,399,324,548,148,,39,957,665,107,,84,50,230,649,441,,462,13,892,320,25,1043,1623,905,112,313,53,1328,1424,13,35,321,43,232,550,1611,266,738,90,145,289,192,240
"Wednesday, 8 May 2019",49,361,374,314,475,117,,37,902,632,113,,96,48,235,699,512,,526,1,896,324,31,1058,1599,850,99,326,54,1321,1399,15,48,293,46,248,531,1507,246,737,118,122,317,141,227
"Thursday, 9 May 2019",10,419,379,356,498,138,,44,834,676,116,,80,43,218,692,442,,480,6,849,301,33,1043,1542,918,134,374,53,1319,1440,23,63,300,37,226,518,1643,278,828,144,134,327,168,267
"Friday, 10 May 2019",10,255,232,205,366,70,,23,547,396,112,,75,38,183,414,267,,322,13,561,163,36,717,893,496,85,367,67,883,1068,9,38,197,27,165,364,979,202,676,68,82,245,126,151
"Saturday, 11 May 2019",36,204,130,408,195,167,,39,306,325,85,,79,36,78,348,363,,415,52,347,687,34,334,748,1026,126,434,82,840,877,7,21,194,32,357,215,1301,207,808,145,351,157,123,333
"Sunday, 12 May 2019",2,118,53,148,67,45,,34,119,146,33,,46,23,50,141,243,,189,15,93,267,4,102,215,317,47,448,47,329,288,16,11,69,12,69,95,572,35,235,53,198,62,36,68
"Monday, 13 May 2019",7,346,285,170,378,92,,26,660,471,94,,70,38,171,482,197,,314,0,621,173,20,792,1126,520,77,243,42,805,951,6,33,211,23,128,373,900,176,462,47,46,235,121,121
"Tuesday, 14 May 2019",6,472,367,292,495,145,,49,890,634,111,,89,50,218,629,408,,495,13,850,292,30,1061,1503,918,109,305,41,1291,1316,22,42,277,42,237,492,1530,254,627,62,130,291,159,244
"Wednesday, 15 May 2019",7,383,365,259,482,133,,36,806,533,121,,85,47,204,572,317,,457,10,781,266,30,934,1266,691,87,331,54,1166,1256,14,36,243,43,202,434,1317,224,580,75,90,316,141,217
"Thursday, 16 May 2019",7,379,352,260,462,98,,28,743,549,109,,79,48,204,577,275,,415,8,722,247,22,848,1297,756,90,233,42,1097,1208,11,36,249,34,185,430,1327,204,564,75,86,266,136,199
"Friday, 17 May 2019",6,318,262,225,366,101,,31,625,439,103,,89,41,204,457,260,,397,8,661,208,31,764,1059,556,137,283,44,894,1097,19,23,219,15,144,401,1036,191,581,65,72,266,158,176
"Saturday, 18 May 2019",12,191,89,361,169,122,,35,293,237,45,,96,34,102,317,347,,331,33,283,602,52,238,598,645,96,494,43,677,710,4,26,155,21,187,162,1019,77,588,160,325,148,88,290
"Sunday, 19 May 2019",22,165,67,212,155,89,,24,225,202,40,,79,23,91,229,210,,313,38,227,312,32,216,464,445,85,411,31,512,516,13,29,127,18,151,126,761,85,417,98,177,109,66,210
"Monday, 20 May 2019",11,363,368,219,487,147,,49,810,577,101,,88,50,204,541,309,,410,3,792,254,23,947,1444,768,121,253,34,1136,1197,10,41,305,43,185,430,1257,223,543,88,64,246,125,175
"Tuesday, 21 May 2019",9,383,392,317,515,162,,33,847,596,127,,74,41,236,594,430,,490,11,861,369,44,1036,1524,955,109,357,27,1246,1316,11,47,323,61,225,479,1440,285,642,119,182,293,169,232
"Wednesday, 22 May 2019",10,386,379,320,493,134,,43,802,616,113,,93,36,201,610,429,,479,1,869,371,31,1017,1499,871,121,332,42,1257,1354,4,41,269,42,266,472,1450,265,600,108,102,303,139,262
"Thursday, 23 May 2019",9,351,358,272,417,151,,56,788,587,116,,91,36,193,585,335,,447,9,827,297,41,931,1404,798,89,345,42,1213,1325,12,43,286,43,218,461,1421,250,669,98,132,294,144,221
"Friday, 24 May 2019",14,331,325,274,418,122,,42,758,547,107,,101,31,189,518,296,,447,6,758,341,33,871,1331,814,96,340,37,1142,1289,8,42,254,46,204,457,1378,248,606,133,162,304,201,230
"Saturday, 25 May 2019",64,154,120,323,186,123,,54,291,329,47,,83,35,71,302,331,,442,39,314,637,57,266,677,887,148,555,46,821,766,10,34,179,44,259,192,1234,127,597,223,383,135,78,368
"Sunday, 26 May 2019",26,290,102,428,164,133,,44,310,351,37,,72,20,56,273,342,,414,65,351,649,32,326,692,1012,120,741,46,1018,909,14,23,183,49,286,197,1358,152,710,248,383,118,79,464
"Monday, 27 May 2019",10,343,307,197,433,101,,36,738,545,90,,90,29,184,533,311,,358,1,782,221,26,919,1387,700,67,294,35,972,1063,12,39,260,32,184,432,1027,216,474,99,85,303,126,210
"Tuesday, 28 May 2019",3,315,307,150,375,81,,18,619,410,95,,77,18,211,466,203,,245,4,693,142,26,754,1056,585,72,183,46,749,895,8,25,203,13,132,384,853,166,397,69,74,235,109,164
"Wednesday, 29 May 2019",18,381,349,294,446,138,,51,785,627,109,,101,43,203,585,444,,433,14,877,345,44,970,1505,826,84,453,36,1198,1280,15,29,268,46,216,491,1470,260,677,143,141,337,175,263
"Thursday, 30 May 2019",16,397,403,307,510,120,,54,826,646,126,,82,43,221,621,429,,463,13,870,345,30,987,1455,764,92,297,42,1191,1273,15,41,305,44,205,449,1364,241,666,115,138,294,140,233
"Friday, 31 May 2019",3,156,143,82,179,57,,14,288,199,80,,73,11,105,236,148,,152,4,310,75,9,363,488,256,55,60,35,460,504,5,11,99,16,67,189,571,103,249,20,17,148,20,61
"Saturday, 1 June 2019",3,74,42,37,69,45,,30,101,74,30,,49,6,34,115,111,9,132,16,132,189,36,68,175,131,31,102,30,175,113,7,13,55,8,59,92,347,26,135,48,40,102,40,81
"Sunday, 2 June 2019",16,174,82,283,139,117,,64,209,246,27,,46,11,39,216,210,16,283,82,324,287,18,286,509,610,69,626,34,707,608,14,24,122,11,192,132,1030,141,610,165,239,128,73,292
"Monday, 3 June 2019",19,195,85,360,176,132,,57,221,299,35,,62,20,49,264,396,23,355,58,543,627,69,323,738,864,80,960,29,971,854,9,29,173,34,311,150,1343,163,801,238,269,103,88,467
"Tuesday, 4 June 2019",3,359,356,269,482,132,,41,763,621,119,,95,38,202,623,341,26,413,10,766,284,36,911,1458,849,118,303,36,1076,1018,8,37,286,37,197,465,1364,237,544,95,107,309,129,204
"Wednesday, 5 June 2019",3,257,201,114,259,49,,8,439,297,96,,60,18,134,325,204,5,217,0,565,141,13,608,859,403,53,96,36,607,568,0,18,180,18,96,277,740,135,315,56,24,202,91,94
"Thursday, 6 June 2019",7,294,291,192,396,91,,29,637,424,103,,73,24,152,459,345,16,339,11,647,224,24,753,1058,589,70,223,32,829,779,14,33,193,35,142,368,1022,166,462,73,84,271,124,180
"Friday, 7 June 2019",2,195,183,113,247,47,,19,460,307,93,,47,21,151,330,194,18,216,3,453,127,18,579,725,328,57,140,37,601,586,6,18,185,18,80,252,730,116,361,31,35,200,105,99
"Saturday, 8 June 2019",5,73,75,89,86,62,,14,147,70,33,,47,7,50,164,121,10,173,3,68,189,16,96,151,118,40,81,38,195,135,5,18,61,11,91,106,357,32,160,54,59,97,40,53
"Sunday, 9 June 2019",26,271,74,418,188,147,,57,250,394,49,,108,50,37,322,394,12,445,28,415,689,12,345,697,1076,83,799,72,983,793,13,35,162,66,309,174,1453,152,813,192,424,111,97,457
"Monday, 10 June 2019",2,387,316,212,441,111,,78,679,557,93,,84,32,220,526,367,21,385,8,816,307,24,933,1372,728,90,250,30,1072,1057,9,42,253,41,185,395,1248,232,546,102,76,289,140,242
"Tuesday, 11 June 2019",3,426,367,275,483,145,,53,792,591,108,,90,35,203,633,476,25,449,15,893,359,31,1049,1452,890,102,402,35,1193,1166,8,45,269,33,252,446,1442,253,617,97,144,314,144,250
"Wednesday, 12 June 2019",0,325,340,212,393,111,,34,693,479,88,,86,32,182,547,332,19,403,4,742,246,25,862,1229,628,79,291,29,921,884,6,35,243,26,166,376,1148,176,526,71,103,251,130,184
"Thursday, 13 June 2019",5,329,340,250,433,126,,58,626,523,111,,110,43,187,488,339,28,348,9,802,299,25,895,1243,630,92,247,36,1038,946,9,45,236,32,200,376,1258,198,541,48,89,270,127,214
"Friday, 14 June 2019",12,256,263,270,358,119,,35,620,474,97,,67,26,170,451,336,26,596,6,630,242,25,795,1076,616,84,299,33,931,875,7,38,226,32,181,354,1244,181,573,102,77,285,143,204
"Saturday, 15 June 2019",8,22,108,234,151,82,,26,252,287,75,,71,15,67,260,306,14,280,43,248,566,24,220,440,620,85,360,45,545,371,12,27,125,46,184,157,876,105,388,114,242,136,66,180
"Sunday, 16 June 2019",19,187,87,324,149,126,,47,192,304,29,,71,25,51,233,383,16,346,57,361,504,14,286,556,854,114,642,46,787,607,12,39,134,25,206,127,1099,174,619,202,348,98,103,308
"Monday, 17 June 2019",7,330,322,182,438,97,,25,617,514,91,,75,37,176,473,290,18,366,19,778,237,16,942,1252,656,70,228,26,940,963,15,25,236,39,172,380,1098,217,451,52,64,264,141,171
"Tuesday, 18 June 2019",7,346,358,234,450,125,,47,729,553,84,,86,36,200,531,465,22,448,10,852,321,43,994,1366,793,104,258,22,1061,1021,10,41,256,50,218,436,1382,236,604,102,122,310,144,206
"Wednesday, 19 June 2019",6,320,345,234,398,117,,38,712,535,96,,91,36,195,528,445,17,424,1,754,318,33,913,1291,744,75,290,27,1096,1040,18,27,235,39,242,386,1433,233,611,112,111,290,131,233
"Thursday, 20 June 2019",1,325,308,218,349,106,,53,615,431,101,,78,36,159,435,298,20,342,4,654,239,41,763,1055,519,79,194,32,809,764,11,43,230,26,131,333,1080,165,484,51,71,237,141,136
"Friday, 21 June 2019",1,239,232,146,284,76,,25,469,349,77,,66,21,142,345,212,13,254,1,584,169,24,698,910,475,73,140,32,672,653,6,27,194,15,121,274,801,161,416,59,48,206,103,154
"Saturday, 22 June 2019",8,96,117,218,128,127,,25,270,240,51,,72,12,66,265,279,22,327,36,258,484,31,212,499,579,88,297,49,698,472,12,24,110,29,235,159,983,63,394,132,279,106,72,223
"Sunday, 23 June 2019",6,97,58,155,71,67,,44,142,116,31,,53,25,48,179,200,4,184,24,141,173,17,131,258,275,57,328,33,332,293,10,19,64,10,110,86,558,93,328,145,124,75,45,146
"Monday, 24 June 2019",5,319,325,243,422,100,,30,650,507,105,,63,31,164,556,292,21,360,8,781,266,30,935,1293,725,100,270,30,960,952,7,35,232,32,197,398,1133,212,568,89,97,270,127,227
"Tuesday, 25 June 2019",0,310,348,247,436,126,,27,722,505,108,,102,35,155,552,425,22,394,6,806,317,35,944,1322,793,81,295,36,1110,1102,8,27,244,36,249,409,1362,236,562,79,152,266,118,208
"Wednesday, 26 June 2019",3,326,332,268,422,122,,31,669,555,98,,84,35,177,567,372,24,418,8,795,304,26,925,1241,721,98,318,37,1123,1063,8,27,254,38,249,418,1263,241,601,71,98,307,139,223
"Thursday, 27 June 2019",7,304,329,292,428,111,,40,611,511,86,,99,36,186,543,321,25,374,7,657,318,38,791,1230,661,79,274,34,1014,956,16,25,218,33,193,395,1231,163,576,87,113,228,127,192
"Friday, 28 June 2019",4,276,288,276,310,96,,24,575,430,70,,89,22,152,444,247,25,375,25,612,301,18,727,1074,591,92,272,43,976,927,8,19,217,20,158,326,1242,164,590,64,101,229,132,190
"Saturday, 29 June 2019",8,102,101,344,170,149,,49,290,262,46,,67,12,71,296,358,10,369,39,305,585,50,235,597,771,71,473,41,819,663,13,35,123,34,295,153,1285,184,630,135,287,129,74,310
"Sunday, 30 June 2019",36,230,73,359,145,120,,36,231,293,28,,87,28,60,262,406,13,338,47,332,538,29,258,638,789,75,685,52,777,666,8,15,112,18,201,142,1221,163,619,207,268,98,73,354
"Monday, 1 July 2019",3,279,282,197,398,97,,19,587,468,67,,82,31,164,466,283,12,333,5,711,272,28,822,1117,598,72,210,44,984,987,9,30,229,28,177,362,1119,178,492,70,61,254,115,183
"Tuesday, 2 July 2019",9,253,302,194,350,88,,33,559,395,89,,93,35,195,449,340,27,265,0,655,249,23,749,1023,553,76,151,29,828,809,13,25,212,41,178,312,1022,188,415,42,56,221,125,178
"Wednesday, 3 July 2019",7,267,282,208,343,89,,40,566,418,68,,70,26,179,462,360,22,345,3,696,255,27,771,1084,575,65,171,44,881,812,7,21,209,29,153,326,1011,189,491,63,43,224,105,165
"Thursday, 4 July 2019",0,158,121,70,178,43,,5,231,211,78,,58,14,107,204,156,5,130,0,354,87,8,397,558,256,46,53,26,417,403,10,13,106,8,51,144,556,99,203,14,13,140,64,60
"Friday, 5 July 2019",13,243,227,197,339,88,,18,513,426,81,,79,24,150,415,251,16,313,9,612,260,17,711,942,501,74,170,48,822,771,8,22,198,31,156,276,976,157,506,62,55,217,107,153
"Saturday, 6 July 2019",30,165,110,287,154,125,,52,264,213,31,,78,27,57,259,315,13,275,22,318,539,46,270,511,680,103,398,57,684,592,18,24,117,18,227,170,1068,134,706,141,299,103,88,243
"Sunday, 7 July 2019",26,173,91,307,144,107,,62,198,290,23,,61,20,64,244,325,14,328,43,269,443,21,229,526,840,82,655,36,828,680,19,45,147,44,245,127,1257,144,560,178,274,71,84,341
"Monday, 8 July 2019",5,268,286,173,339,72,,29,579,408,82,,69,37,177,426,280,11,221,22,690,207,35,825,1102,520,80,238,29,900,868,5,37,204,29,161,350,1029,148,421,89,55,199,93,184
"Tuesday, 9 July 2019",31,301,328,210,369,94,,44,619,444,103,,54,33,169,526,289,11,296,12,712,239,34,817,1121,608,91,237,30,875,795,6,31,232,34,204,329,1159,180,496,76,83,234,143,203
"Wednesday, 10 July 2019",12,286,268,238,351,96,,29,590,446,66,,87,35,176,495,374,19,269,7,744,255,49,819,1091,604,97,351,53,975,951,4,32,193,31,179,308,1152,173,573,113,114,222,110,210
"Thursday, 11 July 2019",12,281,278,226,331,86,,24,603,435,79,,72,33,172,496,259,15,209,14,685,253,21,777,1022,564,107,358,37,970,940,7,31,208,37,175,318,1142,159,578,115,76,243,154,174
"Friday, 12 July 2019",3,196,158,156,200,51,,12,320,241,74,,74,25,115,294,188,7,160,0,388,128,11,438,580,252,56,79,23,499,428,8,15,125,25,59,199,612,71,276,24,46,172,66,92
"Saturday, 13 July 2019",21,199,108,365,165,132,,60,237,300,31,,66,34,62,243,369,17,320,66,374,598,47,284,589,771,159,514,54,831,680,13,30,94,29,248,157,1233,143,728,243,367,142,107,278
"Sunday, 14 July 2019",9,78,41,128,51,47,,10,110,94,38,,51,11,33,135,138,1,191,8,93,179,4,75,171,252,45,146,15,244,144,4,8,56,11,51,57,414,23,159,40,140,75,23,60
"Monday, 15 July 2019",11,261,262,176,346,68,,34,560,419,73,,84,32,171,435,271,17,239,11,700,242,16,722,997,526,82,317,38,881,891,8,27,211,36,163,347,988,143,501,81,66,219,130,224
"Tuesday, 16 July 2019",6,255,207,150,271,68,,12,441,300,80,,53,21,162,360,188,11,148,8,543,171,23,603,767,395,88,133,18,683,646,9,20,179,22,119,275,756,92,373,61,62,184,107,134
"Wednesday, 17 July 2019",7,229,247,157,283,70,,25,489,346,63,,80,39,165,404,217,9,232,6,545,247,21,652,815,367,80,163,36,744,708,5,27,180,20,107,303,802,102,440,44,44,209,121,139
"Thursday, 18 July 2019",23,268,302,238,354,101,,44,583,414,77,,77,36,183,451,271,8,308,27,740,249,28,777,1059,589,94,327,34,892,817,11,29,220,26,188,358,1168,152,520,124,87,250,126,225
"Friday, 19 July 2019",10,174,166,99,181,53,,28,354,209,74,,78,26,142,255,124,2,135,8,353,98,17,410,579,251,48,50,30,444,443,6,8,130,19,60,203,593,68,283,18,23,184,91,87
"Saturday, 20 July 2019",14,43,74,125,95,72,,31,183,159,46,,50,24,48,181,190,1,239,38,154,277,41,171,313,365,75,274,30,454,331,8,19,94,15,131,129,747,40,338,75,130,93,62,122
"Sunday, 21 July 2019",24,221,115,314,149,122,,32,248,330,37,,68,25,61,257,360,11,370,76,344,476,31,247,748,894,101,756,53,813,616,9,42,143,32,301,132,1294,182,593,287,344,117,109,408
"Monday, 22 July 2019",14,334,320,204,447,93,,23,700,560,98,,82,36,183,544,305,29,357,14,805,280,25,898,1307,728,98,254,39,1076,1060,5,36,277,44,222,422,1203,214,555,92,99,276,126,193
"Tuesday, 23 July 2019",4,344,367,293,424,145,,44,763,555,113,,74,36,198,544,309,26,433,6,821,333,27,911,1377,800,109,320,37,1193,1124,13,28,268,41,229,466,1473,217,543,110,122,297,143,250
"Wednesday, 24 July 2019",14,336,365,265,440,105,,37,724,561,98,,92,39,174,554,331,35,420,15,779,267,27,890,1312,757,98,257,34,1102,1106,11,35,258,49,248,450,1301,200,570,98,130,277,148,228
"Thursday, 25 July 2019",11,333,352,283,405,92,,26,718,481,89,,87,36,179,507,309,21,375,17,646,265,30,832,1199,679,90,188,41,955,903,3,28,241,42,196,393,1191,215,600,105,97,270,164,191
"Friday, 26 July 2019",5,263,253,184,314,84,,20,592,441,100,,92,26,161,454,226,20,338,1,562,257,16,659,975,467,81,88,51,771,773,12,24,226,31,170,369,1045,157,432,70,48,241,122,167
"Saturday, 27 July 2019",10,126,96,286,159,132,,29,244,221,43,,51,24,61,260,294,8,381,40,341,509,30,319,606,599,132,474,61,649,531,10,23,125,27,206,179,1044,137,555,160,217,136,90,250
"Sunday, 28 July 2019",16,228,85,343,147,105,,73,226,320,24,,63,25,62,249,354,22,345,26,353,609,13,269,620,806,66,677,35,788,613,17,26,131,39,256,128,1212,114,673,196,319,107,78,437
"Monday, 29 July 2019",6,382,322,234,442,93,,36,704,535,110,,75,36,203,573,268,13,393,15,809,308,22,864,1401,706,117,208,41,1025,1241,9,30,274,48,208,422,1167,248,522,68,73,290,156,201
"Tuesday, 30 July 2019",36,299,350,223,421,105,,34,718,535,119,,78,36,183,555,282,16,307,2,697,241,18,787,1189,615,89,216,32,997,1276,6,25,245,42,160,389,1179,193,540,69,82,252,131,178
"Wednesday, 31 July 2019",17,280,297,175,335,100,,28,637,447,112,,60,39,144,479,401,16,399,4,623,233,23,778,1083,567,78,218,54,855,1107,7,28,200,34,144,335,1022,182,436,52,60,246,146,145
"Thursday, 1 August 2019",6,292,306,181,393,86,,28,630,420,103,,70,36,172,476,282,10,305,7,672,183,24,800,1040,555,84,190,41,886,1175,6,35,186,39,154,353,1052,166,418,65,93,267,120,158
"Friday, 2 August 2019",1,230,244,137,261,80,,44,489,315,95,,67,26,158,342,260,14,331,6,480,129,20,592,762,402,64,142,44,663,995,6,15,136,32,91,268,926,123,352,32,44,233,82,101
"Saturday, 3 August 2019",11,80,50,82,72,122,,13,110,98,36,,52,27,61,132,108,5,116,9,222,122,19,130,196,147,65,96,32,229,310,2,11,47,14,77,107,400,35,178,18,51,80,48,58
"Sunday, 4 August 2019",13,57,30,96,54,105,,21,88,76,26,,49,25,31,82,116,6,127,9,133,129,10,72,152,176,42,91,30,259,221,6,14,30,6,60,61,404,26,154,43,79,63,38,62
"Monday, 5 August 2019",3,204,205,88,246,90,,17,412,309,92,,56,36,129,310,164,13,170,0,475,92,12,579,677,323,61,82,35,613,734,2,23,131,12,72,232,681,106,273,25,31,175,68,69
"Tuesday, 6 August 2019",12,286,332,226,378,104,,26,651,516,119,,60,36,169,474,252,14,334,10,754,172,26,853,1162,644,74,216,53,1007,1091,4,32,225,29,128,345,1160,180,491,75,87,246,122,168
"Wednesday, 7 August 2019",6,297,325,227,370,102,,40,649,495,103,,79,39,189,511,392,34,406,7,750,299,21,891,1182,590,76,224,46,1005,1308,12,27,249,64,163,350,1031,200,499,68,93,237,133,196
"Thursday, 8 August 2019",4,214,196,119,279,90,,6,408,343,105,,58,35,143,304,298,17,190,0,462,170,37,627,767,363,62,109,52,561,772,11,32,125,21,109,246,557,119,283,39,40,182,94,114
"Friday, 9 August 2019",4,203,164,98,209,52,,9,349,272,98,,78,26,125,252,207,12,182,4,360,132,12,475,603,331,40,140,40,461,686,7,22,128,14,52,207,511,107,218,33,33,162,77,69
"Saturday, 10 August 2019",13,157,83,251,130,108,,31,206,227,38,,64,30,51,246,207,6,255,36,247,480,25,210,444,513,50,332,35,556,637,5,23,122,33,162,127,690,96,405,82,355,126,65,208
"Sunday, 11 August 2019",24,124,70,257,98,78,,51,149,221,36,,46,25,45,155,198,16,216,25,163,262,17,147,318,423,34,341,39,487,534,4,17,91,19,177,106,773,68,346,105,171,75,73,161
"Monday, 12 August 2019",10,231,262,130,334,78,,19,496,372,110,,55,36,140,369,227,14,203,2,592,160,18,631,850,392,73,26,35,717,872,5,14,157,18,112,274,644,135,338,25,39,191,102,107
"Tuesday, 13 August 2019",7,275,273,205,346,92,,27,592,481,83,,65,36,160,457,249,11,318,2,656,181,18,725,1029,511,89,234,53,823,1069,6,21,208,24,117,337,804,167,439,47,57,230,118,152
"Wednesday, 14 August 2019",1,303,342,176,387,93,,22,651,487,100,,62,39,187,490,281,16,396,4,668,225,19,787,1070,567,91,246,47,889,1195,16,13,202,22,162,343,803,175,411,58,77,296,102,178
"Thursday, 15 August 2019",9,301,336,224,392,109,,26,667,480,116,,98,35,169,472,297,16,385,10,680,260,27,808,1117,588,112,253,31,919,1248,15,32,207,36,191,333,893,170,503,88,118,301,135,192
"Friday, 16 August 2019",3,260,267,198,337,107,,23,564,436,99,,71,26,134,460,253,17,383,11,635,188,22,706,994,507,111,224,45,860,1249,10,29,196,36,154,271,879,148,449,39,81,297,134,172
"Saturday, 17 August 2019",12,61,90,209,136,143,,73,222,179,49,,63,27,61,190,372,23,342,38,272,530,33,243,457,542,58,384,51,622,836,10,37,116,45,216,131,714,82,398,105,280,140,71,262
"Sunday, 18 August 2019",14,70,30,65,54,41,,11,111,96,19,,54,27,29,109,83,11,101,9,63,111,9,71,145,198,27,57,22,205,287,3,3,35,10,85,57,314,17,106,32,73,75,42,81
"Monday, 19 August 2019",9,331,315,201,435,99,,34,636,545,107,,89,36,192,504,309,23,360,7,796,250,20,883,1313,789,113,275,41,1007,1298,7,27,258,41,190,366,950,224,484,107,105,262,104,237
"Tuesday, 20 August 2019",4,300,301,162,333,91,,,575,459,94,,69,36,190,415,310,15,310,16,646,180,6,731,1139,603,77,221,32,807,1074,7,26,217,37,125,309,826,172,414,62,86,234,105,170
"Wednesday, 21 August 2019",3,262,275,146,353,73,,,558,380,91,,65,39,168,433,254,12,307,9,610,184,18,736,983,469,95,197,39,752,1109,10,22,197,28,142,296,700,139,406,45,80,237,127,152
"Thursday, 22 August 2019",1,199,206,124,282,48,,,438,316,102,,59,35,135,326,178,10,168,0,433,96,13,536,713,294,64,153,45,548,887,4,19,164,14,80,228,530,111,281,33,40,217,112,77
"Friday, 23 August 2019",1,162,204,97,223,34,,1,425,269,91,,67,26,116,287,182,9,239,2,433,99,20,511,712,301,64,130,30,519,852,3,19,163,23,64,182,542,108,307,19,30,199,91,91
"Saturday, 24 August 2019",13,109,76,250,154,119,,48,213,253,49,,60,27,46,243,297,3,293,21,245,422,38,210,497,548,118,352,50,563,933,13,18,83,26,187,130,668,56,497,64,242,117,109,176
"Sunday, 25 August 2019",15,157,85,283,97,101,,25,202,229,24,,48,27,42,199,276,13,250,28,231,311,13,221,482,519,89,341,29,551,656,5,14,98,20,152,95,640,68,383,154,210,102,69,241
"Monday, 26 August 2019",1,285,287,137,340,83,,22,598,460,109,,68,36,165,439,223,24,310,4,711,177,22,785,1131,553,112,174,39,838,1175,4,22,216,29,133,295,770,181,387,70,71,243,106,183
"Tuesday, 27 August 2019",10,331,348,239,436,142,,38,782,575,102,,78,36,187,570,299,30,384,14,858,256,24,912,1398,755,112,264,39,963,1328,8,29,256,34,215,344,983,201,488,93,164,298,134,231
"Wednesday, 28 August 2019",4,329,327,251,447,103,,22,750,586,109,,66,39,199,528,291,27,435,6,813,336,25,974,1382,773,118,299,52,1086,1488,8,41,242,34,244,324,949,218,593,74,113,322,175,250
"Thursday, 29 August 2019",3,342,338,255,413,102,,37,650,552,120,,81,35,171,497,306,22,351,8,733,230,23,838,1238,710,123,262,37,988,1413,8,39,240,28,206,314,932,220,530,71,126,272,143,243
"Friday, 30 August 2019",6,256,255,193,317,105,,40,606,462,108,,98,26,147,449,269,33,393,2,658,220,31,743,1067,611,122,170,55,837,1335,6,25,201,31,133,252,895,167,486,87,75,285,133,153
"Saturday, 31 August 2019",10,11,85,266,139,129,,74,249,218,57,,60,27,48,318,260,13,362,23,281,508,48,240,532,620,134,389,74,630,1038,6,29,107,29,204,131,813,115,506,135,310,124,71,219
"Sunday, 1 September 2019",25,61,98,422,167,150,,55,266,333,25,,67,24,50,227,416,10,407,31,431,567,21,302,717,841,83,717,58,1006,1191,13,30,159,15,274,133,1286,165,817,229,306,125,82,369
"Monday, 2 September 2019",16,365,332,270,460,116,,30,632,572,100,,87,42,193,471,307,43,424,18,828,301,22,959,1446,845,119,313,72,1071,1428,12,34,282,32,245,315,1219,237,486,156,138,304,133,253
"Tuesday, 3 September 2019",0,246,264,149,312,67,,15,521,361,104,,62,42,161,353,225,59,268,4,608,147,24,716,924,460,81,143,46,685,854,3,20,187,26,101,204,928,155,292,25,60,211,116,135
"Wednesday, 4 September 2019",7,217,213,130,274,67,,23,449,341,83,,66,42,160,347,178,26,206,0,523,176,32,627,803,392,76,171,43,652,934,13,21,142,26,138,223,902,123,345,38,56,239,124,132
"Thursday, 5 September 2019",8,275,306,189,337,81,,29,584,376,86,,72,42,169,412,213,37,321,5,588,178,32,703,913,516,95,237,41,835,1157,6,28,162,25,161,254,911,165,374,70,102,305,135,155
"Friday, 6 September 2019",1,201,177,137,254,60,,21,399,316,78,,51,42,128,307,181,18,253,0,403,152,19,595,727,362,68,146,34,626,1047,8,23,121,14,92,198,754,128,383,44,54,235,107,96
"Saturday, 7 September 2019",18,62,106,290,157,120,,64,245,252,48,,53,24,68,200,303,5,324,23,317,420,50,249,599,634,127,370,42,730,1126,5,33,153,25,223,135,877,97,670,168,250,154,100,259
"Sunday, 8 September 2019",7,47,57,156,99,75,,49,153,150,16,,52,24,55,149,226,20,192,16,214,220,17,159,348,368,66,292,31,415,600,4,20,105,12,143,92,825,49,332,89,201,100,71,166
"Monday, 9 September 2019",0,223,232,149,314,74,,11,477,364,85,,65,42,166,366,187,22,263,4,641,182,18,756,997,493,82,195,42,709,891,12,15,198,25,118,232,959,137,333,35,59,265,101,125
"Tuesday, 10 September 2019",4,236,270,130,298,42,,19,524,367,87,,63,42,155,370,194,15,208,2,638,190,31,669,961,459,65,126,55,689,1023,12,22,175,26,126,219,958,134,358,50,68,262,119,147
"Wednesday, 11 September 2019",4,330,300,249,390,95,,48,588,539,93,,87,42,168,457,326,20,388,11,769,296,30,935,1315,755,75,228,56,1014,1347,10,23,224,58,225,279,1090,191,515,92,117,288,154,241
"Thursday, 12 September 2019",4,310,320,226,397,101,,25,635,514,94,,75,42,176,461,279,22,350,8,775,265,31,891,1252,660,109,239,70,989,1462,8,31,214,48,195,269,984,188,506,75,114,286,157,229
"Friday, 13 September 2019",17,261,287,218,314,79,,26,564,467,91,,93,42,178,388,262,19,373,23,616,262,30,749,1088,611,102,239,61,950,1408,2,21,201,31,193,251,1043,188,492,63,106,280,133,177
"Saturday, 14 September 2019",24,85,95,333,130,97,,43,251,256,48,,72,24,56,271,341,10,390,48,250,598,32,224,541,728,94,488,78,580,975,6,32,150,35,210,128,1058,99,520,222,325,151,99,262
"Sunday, 15 September 2019",20,217,87,379,154,108,,41,221,324,32,,82,24,47,242,349,13,378,45,312,528,19,260,600,805,108,704,45,838,1106,7,16,140,50,204,105,1281,111,692,179,341,131,76,296
"Monday, 16 September 2019",9,315,320,236,453,110,,28,708,574,111,,87,42,207,483,292,20,379,2,850,304,30,997,1466,823,123,306,51,1168,1552,1,25,292,41,250,338,1294,236,529,139,94,350,160,263
"Tuesday, 17 September 2019",11,339,378,218,454,107,,33,751,571,99,,79,42,192,459,344,19,409,13,765,241,20,885,1376,731,129,299,50,1123,1389,5,21,283,44,188,341,1285,179,508,59,135,300,133,214
"Wednesday, 18 September 2019",33,353,342,261,411,111,,34,702,614,117,,109,42,192,501,320,20,454,12,828,273,31,968,1405,832,126,354,60,1219,1556,11,23,250,40,205,338,1375,227,610,143,145,334,152,234
"Thursday, 19 September 2019",7,373,330,281,446,110,,56,723,590,113,,87,42,199,474,302,21,417,11,839,262,22,915,1427,736,132,293,40,1107,1639,5,30,266,38,240,300,1305,202,557,89,111,313,155,249
"Friday, 20 September 2019",27,302,285,248,391,114,,25,658,521,96,,83,42,177,486,275,20,411,9,784,264,20,868,1260,742,159,303,39,996,1645,13,19,247,38,210,312,1247,220,614,110,78,320,132,226
"Saturday, 21 September 2019",26,249,114,412,177,160,,63,221,332,51,,93,24,71,309,300,14,456,13,368,573,47,389,781,968,190,609,44,956,1265,14,28,181,26,347,153,1547,150,717,232,407,124,133,330
"Sunday, 22 September 2019",26,258,105,409,165,122,,51,267,375,37,,77,24,51,248,302,12,378,53,460,522,70,273,755,928,127,638,53,959,1179,10,17,160,22,257,146,1372,180,838,231,323,117,98,412
"Monday, 23 September 2019",9,356,325,217,456,99,,32,715,554,96,,80,42,183,504,269,17,376,0,923,311,14,993,1440,808,95,248,59,1084,1347,9,24,264,37,237,363,1138,247,504,108,101,326,182,237
"Tuesday, 24 September 2019",2,170,198,91,232,70,,12,432,304,121,,69,42,153,279,166,14,190,5,495,106,13,551,739,332,60,123,31,583,727,9,21,121,13,92,192,660,136,310,14,39,189,122,102
"Wednesday, 25 September 2019",1,201,202,108,268,71,,15,460,303,93,,66,42,163,320,155,12,265,2,501,122,17,627,806,379,68,144,43,653,843,8,24,126,21,104,233,709,123,334,25,45,219,119,99
"Thursday, 26 September 2019",3,228,241,163,315,63,,4,540,397,98,,70,42,180,393,149,17,250,4,495,135,14,661,920,394,65,125,40,639,996,8,30,193,25,114,277,709,134,346,62,43,257,109,104
"Friday, 27 September 2019",16,250,257,204,323,86,,26,602,427,116,,91,42,187,434,179,13,282,2,582,182,15,701,1025,468,85,167,57,834,1244,10,21,224,17,112,296,968,155,436,87,81,321,161,154
"Saturday, 28 September 2019",3,169,110,264,157,142,,55,217,290,70,,92,24,69,326,301,16,375,27,248,484,27,255,530,781,137,440,60,658,919,7,29,148,29,211,165,1084,82,554,153,335,124,107,199
"Sunday, 29 September 2019",7,221,116,338,148,119,,58,242,327,45,,52,24,45,253,382,16,312,20,299,447,21,264,681,717,129,651,50,887,1051,4,16,143,11,257,134,1290,141,650,154,307,93,86,310
"Monday, 30 September 2019",11,197,240,123,305,61,,16,503,352,88,,75,42,181,331,151,22,174,10,618,116,17,647,955,476,75,136,40,632,912,7,25,190,19,124,290,678,144,2434,74,50,213,129,146
"Tuesday, 1 October 2019",10,240,297,181,387,88,,17,643,435,104,,91,42,191,380,224,9,221,11,688,206,27,820,1061,523,107,161,48,801,1116,4,21,188,21,141,288,932,173,3082,111,71,254,120,183
"Wednesday, 2 October 2019",3,270,252,161,326,104,,25,607,446,91,,77,42,109,420,282,9,256,0,614,193,23,754,1024,488,75,163,42,811,1069,7,23,195,7,165,261,858,166,5729,34,53,245,154,168
"Thursday, 3 October 2019",15,275,300,219,395,89,,25,659,511,120,,108,42,177,458,267,19,258,20,613,250,42,744,1066,555,99,160,59,906,1277,7,29,214,10,191,319,1108,151,495,116,131,235,147,201
"Friday, 4 October 2019",12,284,252,259,347,76,,49,573,465,94,,82,42,185,406,288,10,275,12,564,203,31,697,1058,525,100,320,33,979,1485,10,21,185,8,208,316,1147,159,595,178,98,222,151,213
"Saturday, 5 October 2019",8,54,103,279,139,115,,63,243,185,41,,73,24,53,243,352,12,305,29,316,516,33,220,492,614,90,413,40,636,995,8,32,113,15,223,163,1004,89,465,145,289,123,78,221
"Sunday, 6 October 2019",31,217,93,313,125,135,,52,236,288,34,,69,24,40,257,281,24,327,44,411,474,24,266,646,904,100,470,40,762,1168,6,16,156,1,179,113,1202,132,581,244,263,101,90,254
"Monday, 7 October 2019",14,329,239,163,362,98,,40,621,454,104,,67,42,198,456,246,20,246,6,736,231,28,794,1167,630,100,170,47,930,1151,9,24,231,0,186,376,1049,183,393,111,67,298,133,171
"Tuesday, 8 October 2019",16,342,362,268,428,122,,50,761,586,115,,78,42,185,527,304,15,374,20,805,319,35,892,1372,850,106,421,43,1174,1538,9,21,267,0,253,378,1463,221,590,159,214,296,210,270
"Wednesday, 9 October 2019",21,386,318,234,458,137,,35,785,612,90,,89,42,211,574,313,7,417,9,902,368,31,941,1431,909,141,527,40,1362,1835,11,23,279,18,264,444,1637,223,807,221,132,257,221,293
"Thursday, 10 October 2019",4,273,296,218,334,82,,29,652,428,115,,88,42,214,431,228,6,230,2,615,183,31,676,1030,498,117,148,37,847,1146,3,30,193,0,180,356,1019,160,404,106,62,286,147,161
"Friday, 11 October 2019",6,170,159,212,221,56,,9,397,277,85,,64,42,158,290,135,8,125,15,394,133,31,469,635,352,65,187,42,514,967,5,21,141,0,99,229,628,93,348,69,60,206,160,98
"Saturday, 12 October 2019",39,220,134,336,190,138,,44,318,322,63,,72,24,81,339,348,22,432,37,326,632,41,290,622,756,174,498,50,852,1101,9,29,129,3,247,196,1402,152,617,223,267,129,106,269
"Sunday, 13 October 2019",33,284,110,377,199,128,,92,295,397,36,,81,24,70,306,412,17,412,41,481,687,27,357,828,1100,205,798,46,1006,1259,11,16,172,20,303,169,1582,193,854,314,392,145,111,366
"Monday, 14 October 2019",2,304,249,186,321,76,,14,583,394,92,,68,42,191,337,207,13,248,1,601,194,7,670,991,440,100,100,31,667,1246,6,24,187,0,113,261,816,139,317,27,33,252,127,223
"Tuesday, 15 October 2019",12,175,168,167,217,55,,12,403,237,97,,55,42,132,279,154,9,154,0,351,97,25,432,582,267,53,135,45,471,1193,9,21,99,10,87,202,639,87,237,31,26,181,103,79
"Wednesday, 16 October 2019",9,334,306,214,407,118,,31,784,549,115,,85,42,199,508,298,19,428,11,672,240,19,862,1265,671,124,203,54,1021,1333,11,23,251,115,213,370,1106,177,466,56,98,298,171,189
"Thursday, 17 October 2019",32,385,355,215,433,125,,29,761,535,136,,86,33,208,521,256,22,397,3,684,283,31,834,1292,672,143,192,53,944,1270,11,30,239,58,204,344,1171,200,496,63,112,280,158,200
"Friday, 18 October 2019",21,334,286,264,359,100,,37,761,562,107,,91,23,199,578,278,21,441,20,775,323,43,899,1311,710,131,259,44,1006,1343,11,33,256,45,210,368,1246,204,596,87,107,309,182,224
"Saturday, 19 October 2019",11,206,109,303,158,159,,38,259,295,57,,75,21,61,258,284,17,396,22,269,502,48,211,472,623,153,239,55,617,1074,9,47,152,41,191,191,974,86,461,126,278,131,104,201
"Sunday, 20 October 2019",17,240,101,318,149,149,,50,310,300,45,,82,24,82,306,414,23,377,45,456,626,22,408,830,1080,144,676,47,690,1170,12,33,162,40,325,190,992,184,578,323,353,128,188,454
"Monday, 21 October 2019",6,388,317,196,490,120,,34,792,616,119,,94,41,181,511,277,16,394,9,907,325,36,975,1505,777,145,292,64,1099,1168,5,31,283,43,248,403,1261,249,521,100,129,310,177,252
"Tuesday, 22 October 2019",15,407,376,194,407,110,,24,764,544,114,,97,42,173,476,286,20,325,4,724,306,27,878,1295,647,133,234,55,890,1145,8,25,235,50,198,377,1106,173,441,76,79,301,219,199
"Wednesday, 23 October 2019",6,216,207,153,247,68,,26,477,353,100,,63,16,119,360,226,18,248,0,383,114,48,437,800,379,95,153,43,571,1275,13,16,160,10,104,231,702,133,379,48,38,231,184,98
"Thursday, 24 October 2019",4,369,325,225,339,95,,28,691,460,119,,94,22,149,488,254,17,373,3,498,220,10,550,960,490,125,234,49,797,1226,15,37,211,31,151,345,1024,149,446,57,73,244,196,142
"Friday, 25 October 2019",8,342,257,254,332,107,,30,585,382,93,,97,26,184,421,216,19,384,9,573,215,12,715,982,497,133,229,57,789,1222,7,26,201,20,185,296,927,152,525,69,66,269,223,182
"Saturday, 26 October 2019",20,216,89,291,139,179,,40,253,288,46,,88,30,53,218,301,11,381,73,285,550,36,293,524,635,220,503,57,695,925,7,24,129,46,225,155,1108,130,729,565,292,97,132,228
"Sunday, 27 October 2019",33,288,110,350,120,128,,52,257,376,47,,88,4,38,223,265,21,405,86,444,462,22,330,766,1027,265,890,44,968,1247,16,36,187,54,315,157,1451,180,1129,211,348,109,111,386
"Monday, 28 October 2019",26,228,82,266,141,116,,47,236,297,41,,48,34,48,425,328,13,337,59,397,456,12,343,594,718,157,808,33,854,944,9,21,146,26,215,135,1303,118,823,310,300,106,97,330
"Tuesday, 29 October 2019",13,372,323,209,444,97,,39,777,525,107,,69,29,174,434,275,19,347,2,818,261,30,886,1348,668,143,230,65,990,1340,9,36,253,40,185,368,1102,193,507,82,73,311,190,234
"Wednesday, 30 October 2019",23,463,350,230,482,136,,36,838,600,101,,86,48,195,483,332,21,522,2,865,290,34,1030,1586,762,134,133,54,1163,1575,14,50,279,64,281,376,1407,246,643,97,116,353,220,260
"Thursday, 31 October 2019",19,383,377,237,459,126,,38,787,595,122,,70,41,226,488,295,23,452,8,786,268,35,1043,1457,714,126,242,63,1085,1734,12,38,256,43,196,417,1349,228,636,99,89,353,204,256
"Friday, 1 November 2019",9,354,286,254,398,100,,30,648,433,110,,89,37,186,434,242,24,445,15,741,251,19,853,1241,598,153,170,48,924,1262,15,31,242,39,177,356,1104,184,604,91,91,294,191,209
"Saturday, 2 November 2019",38,162,142,321,172,202,,46,319,392,70,,83,22,50,282,329,18,496,13,377,586,48,323,801,983,222,384,48,961,1032,10,33,167,42,241,213,1486,168,811,195,354,148,127,276
"Sunday, 3 November 2019",23,281,106,391,152,148,,77,312,396,37,,77,31,53,290,356,13,441,25,384,658,36,316,916,1109,220,408,52,1132,1220,21,37,166,52,356,194,1730,178,788,202,429,126,97,444
"Monday, 4 November 2019",37,531,370,233,518,131,,51,822,648,131,,83,59,216,444,376,28,532,19,1003,366,38,1157,1771,988,196,305,55,1359,1134,15,48,369,50,275,436,1592,285,680,153,121,361,230,290
"Tuesday, 5 November 2019",39,572,429,254,544,158,,62,955,771,117,,85,57,248,391,420,26,580,9,1025,393,29,1194,1908,1089,163,290,56,1547,1528,11,43,345,56,312,481,1980,325,776,128,168,373,236,354
"Wednesday, 6 November 2019",46,434,391,326,534,134,,50,917,643,111,,90,46,214,638,346,20,511,31,1289,364,42,1128,1703,1013,170,262,63,1279,1699,12,41,317,66,288,432,1623,279,727,130,173,343,191,288
"Thursday, 7 November 2019",22,431,435,352,485,153,,46,848,646,110,,102,41,232,490,328,30,494,10,952,379,18,1070,1688,941,169,295,61,1452,1805,23,55,316,50,286,439,1866,222,762,124,155,347,203,297
"Friday, 8 November 2019",28,426,337,305,449,128,,31,771,537,114,,89,40,191,550,297,29,475,19,1124,305,40,922,1441,814,159,260,41,1203,1842,11,61,315,43,211,387,1530,229,719,144,163,324,225,284
"Saturday, 9 November 2019",23,174,112,279,185,153,,60,288,246,62,,72,50,78,246,352,9,448,10,399,546,37,251,589,774,184,287,49,691,1063,12,30,132,37,211,172,1189,134,563,211,339,131,135,148
"Sunday, 10 November 2019",14,60,51,100,67,56,,18,116,96,36,,37,2,61,103,97,10,153,16,117,90,18,98,220,222,71,234,30,256,381,5,11,60,16,102,75,464,37,188,76,106,89,80,123
"Monday, 11 November 2019",13,428,339,205,473,123,,33,712,519,107,,73,36,172,408,297,15,390,15,912,273,35,998,1464,730,151,185,64,1111,1421,11,40,279,25,191,383,1287,219,572,117,115,327,192,226
"Tuesday, 12 November 2019",15,280,262,148,326,90,,30,582,389,107,,68,34,194,342,316,8,346,0,589,199,23,682,985,592,136,139,46,822,1031,12,29,189,23,141,306,1067,160,426,80,86,248,142,150
"Wednesday, 13 November 2019",27,414,384,302,562,140,,50,895,649,94,,80,56,196,613,448,35,490,8,1034,417,34,1162,1703,1090,159,287,63,1332,1749,14,49,298,54,318,407,1641,243,769,141,155,348,227,330
"Thursday, 14 November 2019",14,249,254,133,320,86,,16,489,359,98,,81,19,214,352,243,21,375,0,730,157,33,728,899,486,79,150,53,730,1049,16,28,190,23,109,268,953,174,392,78,59,253,186,140
"Friday, 15 November 2019",8,483,361,261,417,150,,51,754,575,104,,81,46,201,512,398,28,445,19,914,326,37,913,1442,824,176,227,50,1157,1719,14,32,275,39,249,412,1442,243,771,117,118,342,232,247
"Saturday, 16 November 2019",24,253,144,383,185,190,,56,349,339,64,,79,29,72,283,385,15,443,46,500,689,56,367,800,984,227,388,73,872,1140,11,43,149,52,326,211,1470,103,711,216,397,120,124,328
"Sunday, 17 November 2019",22,297,104,367,171,138,,61,305,375,33,,87,19,60,306,429,22,409,45,601,631,24,359,733,974,180,504,49,1014,1110,15,30,218,42,298,190,1536,159,754,290,378,89,109,398
"Monday, 18 November 2019",26,285,212,128,294,69,,15,459,333,82,,74,20,163,312,175,13,337,5,836,132,14,654,862,407,106,141,40,711,943,10,33,154,13,93,243,823,137,332,49,40,224,143,119
"Tuesday, 19 November 2019",10,472,454,309,535,183,,56,907,730,91,,107,44,204,587,376,19,457,14,1088,400,30,1175,1804,1058,206,250,53,1411,1641,12,51,332,52,239,430,1739,245,685,181,210,355,194,369
"Wednesday, 20 November 2019",17,471,374,255,509,134,,39,756,570,115,,92,38,212,550,374,31,476,10,967,335,43,1096,1518,836,140,243,77,1182,1583,29,37,253,48,210,431,1451,217,631,116,126,327,195,225
"Thursday, 21 November 2019",6,414,396,309,514,179,,47,800,659,87,,75,39,189,509,393,27,453,5,933,365,42,1130,1637,940,171,290,70,1402,1837,14,43,305,52,277,381,1741,294,693,214,158,377,207,292
"Friday, 22 November 2019",6,328,345,310,421,122,,93,718,540,90,,117,44,209,496,370,31,343,15,772,331,46,976,1405,808,187,232,70,1165,1763,15,56,310,32,261,405,1467,227,721,108,126,321,212,273
"Saturday, 23 November 2019",50,55,135,326,207,207,,45,273,358,26,,74,23,85,218,412,21,403,78,374,492,65,312,709,1026,239,352,67,988,1096,15,37,189,36,224,183,1570,170,706,179,362,134,139,297
"Sunday, 24 November 2019",40,250,109,347,142,178,,51,265,414,27,,81,24,70,276,362,19,483,48,302,513,28,283,711,1091,224,419,47,970,914,16,24,177,33,283,171,1521,190,696,262,487,108,115,336
"Monday, 25 November 2019",19,448,382,234,527,157,,56,813,720,107,,102,55,237,443,386,29,485,17,999,357,37,1187,1787,1018,200,310,64,1386,1585,7,55,304,50,263,421,1588,291,633,178,124,373,197,312
"Tuesday, 26 November 2019",22,520,432,329,569,144,,76,893,711,113,,83,68,233,602,381,36,578,10,1023,416,27,1206,1875,1130,188,283,64,1606,1753,20,41,352,51,264,481,1956,298,617,115,183,383,185,283
"Wednesday, 27 November 2019",25,551,391,329,552,125,,58,889,730,105,,86,59,242,582,431,22,537,13,1136,357,40,1116,1759,1102,187,286,51,1434,1802,16,45,316,42,269,439,1680,273,710,135,150,390,241,347
"Thursday, 28 November 2019",14,429,423,309,543,132,,46,917,685,95,,90,64,219,615,366,27,492,13,1634,331,45,1141,1676,937,167,286,55,1339,1850,21,47,326,34,251,496,1710,263,639,132,135,365,199,279
"Friday, 29 November 2019",20,327,287,294,419,83,,64,656,481,92,,101,48,221,514,354,35,459,13,761,262,108,925,1313,688,170,244,58,1132,1820,18,38,270,38,204,375,1436,244,724,109,86,304,216,243
"Saturday, 30 November 2019",12,185,106,257,162,148,,33,297,242,41,,83,26,80,291,395,25,419,50,340,570,46,292,614,761,223,318,48,872,1000,10,23,138,19,259,154,1420,162,714,214,227,127,163,272
"Sunday, 1 December 2019",28,260,94,305,162,99,167,39,243,339,46,,78,13,76,242,276,25,314,21,436,410,21,310,615,742,221,349,53,835,799,18,18,133,34,260,157,1303,170,622,132,242,140,124,319
"Monday, 2 December 2019",23,439,388,253,539,101,342,35,842,684,85,,92,50,266,594,305,19,430,17,1194,308,30,1183,1677,844,175,195,65,1355,1667,14,42,316,39,231,440,1524,242,652,119,115,306,206,285
"Tuesday, 3 December 2019",26,371,381,261,530,116,266,38,790,558,105,,72,31,246,542,336,17,375,19,1040,289,27,1051,1503,863,123,215,93,1121,1420,7,45,287,36,197,409,1398,231,581,102,127,345,209,240
"Wednesday, 4 December 2019",25,459,405,325,533,140,289,60,862,698,106,,107,55,238,611,453,33,623,16,989,368,32,1181,1758,1037,172,262,81,1500,1684,12,39,325,47,250,500,1838,262,838,168,138,367,222,294
"Thursday, 5 December 2019",21,403,392,373,469,141,305,58,447,677,105,,87,42,232,613,368,13,550,26,896,376,40,1137,1603,927,170,234,63,1485,1710,23,51,352,50,219,434,1762,253,792,162,126,353,204,277
"Friday, 6 December 2019",18,349,270,300,409,107,273,58,164,505,97,,98,43,206,498,323,20,470,13,774,347,49,906,1363,751,187,207,88,1296,1577,20,45,256,36,233,355,1669,222,784,148,87,281,225,266
"Saturday, 7 December 2019",14,72,141,335,226,142,141,29,316,318,65,,75,18,96,323,327,11,394,21,296,585,46,299,629,791,184,257,49,969,838,11,38,147,38,221,168,1504,163,657,139,317,167,129,239
"Sunday, 8 December 2019",28,186,90,317,152,86,160,50,254,254,34,,65,25,74,233,237,24,358,15,227,434,26,266,504,624,96,298,48,794,743,12,19,122,38,219,153,1252,105,552,164,345,85,107,261
"Monday, 9 December 2019",19,449,414,273,619,158,355,45,728,703,121,,75,50,221,627,386,24,482,13,1141,353,23,1287,1868,931,172,222,89,1533,1746,17,40,340,40,269,502,1663,279,743,179,118,401,237,306
"Tuesday, 10 December 2019",21,526,454,350,645,173,356,47,799,740,109,,72,70,272,670,387,25,603,14,1122,374,28,1305,1903,1008,195,219,82,1692,1875,17,47,390,45,284,606,1948,282,842,123,167,416,228,287
"Wednesday, 11 December 2019",14,469,448,292,615,142,364,46,869,637,114,,91,52,255,591,398,28,566,15,1086,384,52,1292,1789,977,154,268,76,1706,1842,20,46,334,72,266,541,1847,293,856,145,137,398,255,283
"Thursday, 12 December 2019",13,489,431,335,574,139,371,41,675,681,126,,84,53,240,543,372,24,550,16,913,319,41,1134,1648,877,185,209,63,1536,1859,20,55,295,53,234,497,1864,223,823,125,147,371,245,289
"Friday, 13 December 2019",14,376,340,294,456,115,319,38,589,587,122,,100,50,196,466,330,28,470,25,765,283,40,907,1346,726,177,157,57,1180,1621,27,39,292,34,228,398,1487,202,700,108,94,310,179,244
"Saturday, 14 December 2019",33,137,154,215,171,133,154,49,321,196,53,,94,23,75,257,293,17,343,29,207,456,78,229,451,598,203,215,70,676,1028,9,27,141,36,201,182,1029,101,570,122,234,104,116,196
"Sunday, 15 December 2019",37,234,118,400,147,117,118,40,276,309,36,,71,26,92,232,273,16,354,28,266,489,28,262,605,806,128,330,67,849,837,9,32,155,55,290,148,1267,140,591,217,376,81,124,308
"Monday, 16 December 2019",15,395,342,227,442,97,297,37,730,519,73,,70,41,224,437,263,23,411,4,908,257,34,1036,1383,679,119,161,57,1200,1334,6,40,268,51,174,390,1316,231,554,67,90,263,178,181
"Tuesday, 17 December 2019",32,238,243,109,269,73,167,21,862,339,95,,76,23,166,301,192,9,217,0,553,124,13,620,886,422,94,67,46,719,822,9,19,175,17,86,215,816,127,312,21,49,208,131,127
"Wednesday, 18 December 2019",11,223,261,146,327,84,232,33,857,299,97,,79,22,183,320,202,15,280,13,595,177,30,660,872,358,113,79,58,768,1030,10,21,166,24,146,284,824,116,466,59,66,216,125,141
"Thursday, 19 December 2019",26,396,366,313,461,157,290,56,723,577,124,,85,40,209,455,309,19,378,16,774,377,35,916,1432,961,170,222,68,1318,1608,10,63,296,42,272,379,1550,219,697,119,168,323,215,264
"Friday, 20 December 2019",3,242,250,204,280,111,222,25,542,396,86,,74,29,140,335,250,20,258,5,532,187,22,655,907,484,100,119,44,824,1285,12,29,178,33,133,272,978,169,548,86,76,229,165,128
"Saturday, 21 December 2019",24,178,122,251,155,136,147,84,320,262,55,,75,22,78,270,274,8,330,47,337,385,74,258,561,867,175,392,53,813,872,13,25,163,23,186,159,1267,178,611,141,238,123,154,248
"Sunday, 22 December 2019",23,247,105,300,146,132,122,52,276,342,30,,57,23,51,239,282,15,370,46,353,454,24,297,599,907,269,452,54,840,838,9,33,155,36,199,139,1226,146,555,165,324,91,107,297
"Monday, 23 December 2019",31,206,130,149,194,94,230,42,88,232,51,,70,11,96,237,229,15,248,35,321,216,40,390,604,503,183,266,67,653,738,11,24,134,26,153,175,856,93,444,139,126,169,161,186
"Tuesday, 24 December 2019",26,242,108,244,178,124,177,36,67,260,41,,83,18,77,246,249,12,325,42,286,270,57,279,576,649,226,274,57,747,418,8,37,143,38,186,152,1055,134,511,163,194,142,159,191
"Wednesday, 25 December 2019",35,64,41,163,66,57,72,23,164,104,16,,34,7,21,127,146,6,258,9,125,171,54,95,258,349,126,270,23,381,766,3,14,63,17,115,78,786,31,318,182,109,50,47,143
"Thursday, 26 December 2019",44,143,68,262,95,82,107,26,289,208,27,,59,6,41,154,260,13,231,52,218,304,55,189,436,660,223,502,45,698,860,13,29,134,22,193,94,1047,103,525,231,255,89,92,207
"Friday, 27 December 2019",32,215,83,228,134,121,119,23,289,235,24,,60,19,63,228,234,24,318,98,304,392,37,297,563,658,213,486,35,790,818,20,16,121,22,240,171,1164,166,576,172,182,100,99,256
"Saturday, 28 December 2019",25,157,71,182,103,106,84,44,232,205,25,,65,12,35,136,269,16,261,106,209,361,46,194,449,506,299,468,45,508,958,17,28,94,21,162,132,757,87,464,199,236,85,152,229
"Sunday, 29 December 2019",34,219,59,243,91,130,69,52,220,282,25,,57,10,36,208,242,17,381,124,370,397,24,310,618,784,294,609,52,759,1054,21,35,108,25,190,147,1157,155,625,242,318,72,127,275
"Monday, 30 December 2019",20,188,89,152,136,85,68,42,245,210,22,,53,18,50,190,212,21,229,118,303,253,27,286,515,556,241,369,57,496,596,12,24,112,34,174,129,742,132,469,162,134,131,156,178
"Tuesday, 31 December 2019",35,199,101,250,110,110,101,44,182,226,38,,81,23,44,188,262,16,284,98,296,292,26,267,553,655,241,435,50,746,1089,10,35,124,40,194,142,1062,150,640,224,205,101,148,188
